Domain,Entity ID,Name,State,Unit,Device class,Last changed,Last updated
"binary_sensor","binary_sensor.boiler_dhw_3wayvalve","ems-esp Boiler dhw 3-way valve active","off","","","08/09/2026, 22:29:48","08/09/2026, 22:29:48"
"binary_sensor","binary_sensor.boiler_dhw_charging","ems-esp Boiler dhw Charging","off","","","08/09/2026, 22:29:48","08/09/2026, 22:29:48"
"binary_sensor","binary_sensor.boiler_dhw_recharging","ems-esp Boiler dhw Recharging","off","","","08/09/2026, 22:29:48","08/09/2026, 22:29:48"
"binary_sensor","binary_sensor.boiler_dhw_tempok","ems-esp Boiler dhw Temperature ok","off","","","08/09/2026, 22:29:48","08/09/2026, 22:29:48"
"binary_sensor","binary_sensor.boiler_heatingactive","ems-esp Boiler Heating active","off","","","08/09/2026, 22:29:39","08/09/2026, 22:29:39"
"binary_sensor","binary_sensor.boiler_heatingpump","ems-esp Boiler Heating pump","on","","","08/09/2026, 22:29:39","08/09/2026, 22:29:39"
"binary_sensor","binary_sensor.boiler_hpcompon","ems-esp Boiler Hp compressor","off","","","08/09/2026, 22:29:39","08/09/2026, 22:29:39"
"binary_sensor","binary_sensor.boiler_hpea0","ems-esp Boiler Condensate reservoir heating (EA0)","off","","","08/09/2026, 22:29:39","08/09/2026, 22:29:39"
"binary_sensor","binary_sensor.boiler_hpin1","ems-esp Boiler Input 1 state","off","","","08/09/2026, 22:29:39","08/09/2026, 22:29:39"
"binary_sensor","binary_sensor.boiler_hpin2","ems-esp Boiler Input 2 state","off","","","08/09/2026, 22:29:39","08/09/2026, 22:29:39"
"binary_sensor","binary_sensor.boiler_hpin3","ems-esp Boiler Input 3 state","off","","","08/09/2026, 22:29:39","08/09/2026, 22:29:39"
"binary_sensor","binary_sensor.boiler_hpin4","ems-esp Boiler Input 4 state","off","","","08/09/2026, 22:29:39","08/09/2026, 22:29:39"
"binary_sensor","binary_sensor.boiler_hpswitchvalve","ems-esp Boiler Switch valve","off","","","08/09/2026, 22:29:39","08/09/2026, 22:29:39"
"binary_sensor","binary_sensor.boiler_pc1on","ems-esp Boiler PC1","off","","","08/09/2026, 22:29:39","08/09/2026, 22:29:39"
"binary_sensor","binary_sensor.boiler_tapwateractive","ems-esp Boiler Tapwater active","off","","","08/09/2026, 22:29:39","08/09/2026, 22:29:39"
"binary_sensor","binary_sensor.system_status","ems-esp System status","on","","connectivity","08/09/2026, 22:29:39","08/09/2026, 22:29:39"
"binary_sensor","binary_sensor.thermostat_dhw_extra","ems-esp Thermostat dhw Extra","off","","","08/09/2026, 22:29:40","08/09/2026, 22:29:40"
"binary_sensor","binary_sensor.thermostat_hc1_coolingon","ems-esp Thermostat hc1 Cooling on","off","","","08/09/2026, 22:29:40","08/09/2026, 22:29:40"
"binary_sensor","binary_sensor.thermostat_hc1_vacationmode","ems-esp Thermostat hc1 Vacation mode","off","","","08/09/2026, 22:29:40","08/09/2026, 22:29:40"
"climate","climate.thermostat_hc1","ems-esp Thermostat hc1","auto","","","08/09/2026, 22:29:40","08/09/2026, 22:29:40"
"device_tracker","device_tracker.ems_esp","ems-esp ems-esp","home","","","08/09/2026, 21:48:14","08/09/2026, 22:32:35"
"number","number.boiler_auxheaterdelay","ems-esp Boiler Aux heater on delay","310","K*min","","08/09/2026, 22:29:39","08/09/2026, 22:29:39"
"number","number.boiler_auxlimitstart","ems-esp Boiler Aux heater limit start","0.1","K","temperature","08/09/2026, 22:29:39","08/09/2026, 22:29:39"
"number","number.boiler_auxmaxlimit","ems-esp Boiler Aux heater max limit","0.1","K","temperature","08/09/2026, 22:29:39","08/09/2026, 22:29:39"
"number","number.boiler_dhw_altopprio","ems-esp Boiler dhw Prioritise dhw during heating","30","min","duration","08/09/2026, 22:29:39","08/09/2026, 22:29:39"
"number","number.boiler_dhw_altopprioheat","ems-esp Boiler dhw Prioritise heating during dhw","35","min","duration","08/09/2026, 22:29:39","08/09/2026, 22:29:39"
"number","number.boiler_dhw_comfoff","ems-esp Boiler dhw Comfort switch off","58","°C","temperature","08/09/2026, 22:29:39","08/09/2026, 22:29:39"
"number","number.boiler_dhw_disinfectiontemp","ems-esp Boiler dhw Disinfection temperature","65","°C","temperature","08/09/2026, 22:29:48","08/09/2026, 22:29:48"
"number","number.boiler_dhw_ecooff","ems-esp Boiler dhw Eco switch off","56","°C","temperature","08/09/2026, 22:29:39","08/09/2026, 22:29:39"
"number","number.boiler_dhw_ecoplusoff","ems-esp Boiler dhw Eco+ switch off","55","°C","temperature","08/09/2026, 22:29:39","08/09/2026, 22:29:39"
"number","number.boiler_dhw_flowtempoffset","ems-esp Boiler dhw Flow temperature offset","25","°C","temperature","08/09/2026, 22:29:39","08/09/2026, 22:29:39"
"number","number.boiler_dhw_hystoff","ems-esp Boiler dhw Hysteresis off temperature","0","°C","temperature","08/09/2026, 22:29:48","08/09/2026, 22:29:48"
"number","number.boiler_dhw_hyston","ems-esp Boiler dhw Hysteresis on temperature","-2.0","°C","temperature","08/09/2026, 22:29:39","08/09/2026, 22:29:39"
"number","number.boiler_dhw_maxtemp","ems-esp Boiler dhw Maximum temperature","56","°C","temperature","08/09/2026, 22:29:39","08/09/2026, 22:29:39"
"number","number.boiler_dhw_seltemp","ems-esp Boiler dhw Selected temperature","46","°C","temperature","08/09/2026, 22:29:39","08/09/2026, 22:29:39"
"number","number.boiler_dhw_seltemplow","ems-esp Boiler dhw Selected lower temperature","44","°C","temperature","08/09/2026, 22:29:39","08/09/2026, 22:29:39"
"number","number.boiler_dhw_seltempsingle","ems-esp Boiler dhw Single charge temperature","51","°C","temperature","08/09/2026, 22:29:39","08/09/2026, 22:29:39"
"number","number.boiler_dhw_tempecoplus","ems-esp Boiler dhw Selected eco+ temperature","43","°C","temperature","08/09/2026, 22:29:39","08/09/2026, 22:29:39"
"number","number.boiler_emergencytemp","ems-esp Boiler Emergency temperature","0","°C","temperature","08/09/2026, 22:29:39","08/09/2026, 22:29:39"
"number","number.boiler_heatingtemp","ems-esp Boiler Heating temperature","85","°C","temperature","08/09/2026, 22:29:39","08/09/2026, 22:29:39"
"number","number.boiler_hphystcool","ems-esp Boiler On/off hyst cool","0","K*min","","08/09/2026, 22:29:39","08/09/2026, 22:29:39"
"number","number.boiler_hphystheat","ems-esp Boiler On/off hyst heat","0","K*min","","08/09/2026, 22:29:39","08/09/2026, 22:29:39"
"number","number.boiler_hphystpool","ems-esp Boiler On/off hyst pool","1125","K*min","","08/09/2026, 22:29:39","08/09/2026, 22:29:39"
"number","number.boiler_hpmaxpower","ems-esp Boiler Compressor max power","100","%","power_factor","08/09/2026, 22:29:39","08/09/2026, 22:29:39"
"number","number.boiler_mintempsilent","ems-esp Boiler Min outside temp for silent mode","-10.0","°C","temperature","08/09/2026, 22:29:39","08/09/2026, 22:29:39"
"number","number.boiler_poolsettemp","ems-esp Boiler Pool set temperature","28","°C","temperature","08/09/2026, 22:29:39","08/09/2026, 22:29:39"
"number","number.boiler_primepumpmod","ems-esp Boiler Primary heatpump modulation","0","%","power_factor","08/09/2026, 22:29:39","08/09/2026, 22:29:39"
"number","number.boiler_pumpmodmax","ems-esp Boiler Boiler pump max power","100","%","power_factor","08/09/2026, 22:29:39","08/09/2026, 22:29:39"
"number","number.boiler_pumpmodmin","ems-esp Boiler Boiler pump min power","0","%","power_factor","08/09/2026, 22:29:39","08/09/2026, 22:29:39"
"number","number.boiler_pvmaxcomp","ems-esp Boiler Pv compressor max power","0","kW","power","08/09/2026, 22:29:39","08/09/2026, 22:29:39"
"number","number.boiler_selburnpow","ems-esp Boiler Burner selected max power","0","%","power_factor","08/09/2026, 22:29:39","08/09/2026, 22:29:39"
"number","number.boiler_selflowtemp","ems-esp Boiler Selected flow temperature","0","°C","temperature","08/09/2026, 22:29:39","08/09/2026, 22:29:39"
"number","number.boiler_silentfrom","ems-esp Boiler Silent mode from","1320","min","duration","08/09/2026, 22:29:39","08/09/2026, 22:29:39"
"number","number.boiler_silentto","ems-esp Boiler Silent mode to","360","min","duration","08/09/2026, 22:29:39","08/09/2026, 22:29:39"
"number","number.boiler_tempdiffcool","ems-esp Boiler Temp diff TC3/TC0 cool","3","K","temperature","08/09/2026, 22:29:39","08/09/2026, 22:29:39"
"number","number.boiler_tempdiffheat","ems-esp Boiler Temp diff TC3/TC0 heat","7","K","temperature","08/09/2026, 22:29:39","08/09/2026, 22:29:39"
"number","number.boiler_tempparmode","ems-esp Boiler Outside temp parallel mode","-7.0","°C","temperature","08/09/2026, 22:29:39","08/09/2026, 22:29:39"
"number","number.thermostat_dhw_chargeduration","ems-esp Thermostat dhw Charge duration","60","min","duration","08/09/2026, 22:29:40","08/09/2026, 22:29:40"
"number","number.thermostat_dhw_dailyheattime","ems-esp Thermostat dhw Daily heating time","840","min","duration","08/09/2026, 22:29:40","08/09/2026, 22:29:40"
"number","number.thermostat_dhw_disinfecttime","ems-esp Thermostat dhw Disinfection time","120","min","duration","08/09/2026, 22:29:40","08/09/2026, 22:29:40"
"number","number.thermostat_energycostratio","ems-esp Thermostat Energy cost ratio","3.3","","","08/09/2026, 22:29:40","08/09/2026, 22:29:40"
"number","number.thermostat_hc1_comforttemp","ems-esp Thermostat hc1 Comfort temperature","19.5","°C","temperature","08/09/2026, 22:29:40","08/09/2026, 22:29:40"
"number","number.thermostat_hc1_cooloffdelay","ems-esp Thermostat hc1 Cooling off delay","4","h","duration","08/09/2026, 22:29:40","08/09/2026, 22:29:40"
"number","number.thermostat_hc1_coolondelay","ems-esp Thermostat hc1 Cooling on delay","8","h","duration","08/09/2026, 22:29:40","08/09/2026, 22:29:40"
"number","number.thermostat_hc1_coolstart","ems-esp Thermostat hc1 Cooling starttemp","35","°C","temperature","08/09/2026, 22:29:40","08/09/2026, 22:29:40"
"number","number.thermostat_hc1_cooltemp","ems-esp Thermostat hc1 Cooling temperature","23","°C","temperature","08/09/2026, 22:29:40","08/09/2026, 22:29:40"
"number","number.thermostat_hc1_designtemp","ems-esp Thermostat hc1 Design temperature","47","°C","temperature","08/09/2026, 22:29:40","08/09/2026, 22:29:40"
"number","number.thermostat_hc1_dewoffset","ems-esp Thermostat hc1 Dew point offset","3","K","temperature","08/09/2026, 22:29:40","08/09/2026, 22:29:40"
"number","number.thermostat_hc1_ecotemp","ems-esp Thermostat hc1 Eco temperature","17","°C","temperature","08/09/2026, 22:29:40","08/09/2026, 22:29:40"
"number","number.thermostat_hc1_fastheatup","ems-esp Thermostat hc1 Fast heatup","0","%","power_factor","08/09/2026, 22:29:40","08/09/2026, 22:29:40"
"number","number.thermostat_hc1_heatoffdelay","ems-esp Thermostat hc1 Heat-off delay","4","h","duration","08/09/2026, 22:29:40","08/09/2026, 22:29:40"
"number","number.thermostat_hc1_heatondelay","ems-esp Thermostat hc1 Heat-on delay","1","h","duration","08/09/2026, 22:29:40","08/09/2026, 22:29:40"
"number","number.thermostat_hc1_hpminflowtemp","ems-esp Thermostat hc1 HP min. flow temp.","10","°C","temperature","08/09/2026, 22:29:40","08/09/2026, 22:29:40"
"number","number.thermostat_hc1_instantstart","ems-esp Thermostat hc1 Instant start","3","K","temperature","08/09/2026, 22:29:40","08/09/2026, 22:29:40"
"number","number.thermostat_hc1_manualtemp","ems-esp Thermostat hc1 Manual temperature","21","°C","temperature","08/09/2026, 22:29:40","08/09/2026, 22:29:40"
"number","number.thermostat_hc1_maxflowtemp","ems-esp Thermostat hc1 Max flow temperature","60","°C","temperature","08/09/2026, 22:29:40","08/09/2026, 22:29:40"
"number","number.thermostat_hc1_minflowtemp","ems-esp Thermostat hc1 Min flow temperature","25","°C","temperature","08/09/2026, 22:29:40","08/09/2026, 22:29:40"
"number","number.thermostat_hc1_nofrosttemp","ems-esp Thermostat hc1 Nofrost temperature","5","°C","temperature","08/09/2026, 22:29:40","08/09/2026, 22:29:40"
"number","number.thermostat_hc1_noreducetemp","ems-esp Thermostat hc1 No reduce below temperature","3","°C","temperature","08/09/2026, 22:29:40","08/09/2026, 22:29:40"
"number","number.thermostat_hc1_offsettemp","ems-esp Thermostat hc1 Offset temperature","0","°C","temperature","08/09/2026, 22:29:40","08/09/2026, 22:29:40"
"number","number.thermostat_hc1_reducetemp","ems-esp Thermostat hc1 Off/reduce switch temperature","5","°C","temperature","08/09/2026, 22:29:40","08/09/2026, 22:29:40"
"number","number.thermostat_hc1_remotehum","ems-esp Thermostat hc1 Room humidity from remote","unknown","%","power_factor","08/09/2026, 22:29:40","08/09/2026, 22:29:40"
"number","number.thermostat_hc1_remotetemp","ems-esp Thermostat hc1 Room temperature from remote","unknown","°C","temperature","08/09/2026, 22:29:40","08/09/2026, 22:29:40"
"number","number.thermostat_hc1_roominflfactor","ems-esp Thermostat hc1 Room influence factor","4","","","08/09/2026, 22:29:40","08/09/2026, 22:29:40"
"number","number.thermostat_hc1_roominfluence","ems-esp Thermostat hc1 Room influence","0","°C","temperature","08/09/2026, 22:29:40","08/09/2026, 22:29:40"
"number","number.thermostat_hc1_roomtempdiff","ems-esp Thermostat hc1 Room temp difference","1","K","temperature","08/09/2026, 22:29:40","08/09/2026, 22:29:40"
"number","number.thermostat_hc1_seltemp","ems-esp Thermostat hc1 Selected room temperature","17","°C","temperature","08/09/2026, 22:29:40","08/09/2026, 22:29:40"
"number","number.thermostat_hc1_solarinfl","ems-esp Thermostat hc1 Solar influence","0","°C","temperature","08/09/2026, 22:29:40","08/09/2026, 22:29:40"
"number","number.thermostat_hc1_summertemp","ems-esp Thermostat hc1 Summer temperature","19","°C","temperature","08/09/2026, 22:29:40","08/09/2026, 22:29:40"
"number","number.thermostat_hc1_tempautotemp","ems-esp Thermostat hc1 Temporary set temperature automode","-1.0","°C","temperature","08/09/2026, 22:29:40","08/09/2026, 22:29:40"
"number","number.thermostat_intoffset","ems-esp Thermostat Internal temperature offset","0","°C","temperature","08/09/2026, 22:29:40","08/09/2026, 22:29:40"
"number","number.thermostat_minexttemp","ems-esp Thermostat Minimal external temperature","-10.0","°C","temperature","08/09/2026, 22:29:40","08/09/2026, 22:29:40"
"number","number.thermostat_pvlowercool","ems-esp Thermostat Lower cooling with PV","0","K","temperature","08/09/2026, 22:29:40","08/09/2026, 22:29:40"
"number","number.thermostat_pvraiseheat","ems-esp Thermostat Raise heating with PV","0","K","temperature","08/09/2026, 22:29:40","08/09/2026, 22:29:40"
"select","select.boiler_auxheatersource","ems-esp Boiler Aux heater source","electric heater","","","08/09/2026, 22:29:39","08/09/2026, 22:29:39"
"select","select.boiler_auxheatrmode","ems-esp Boiler Aux heater mode","comfort","","","08/09/2026, 22:29:39","08/09/2026, 22:29:39"
"select","select.boiler_chimneysweeper","ems-esp Boiler Chimney sweeper","unknown","","","08/09/2026, 22:29:38","08/09/2026, 22:29:38"
"select","select.boiler_dhw_circmode","ems-esp Boiler dhw Circulation pump mode","3x3min","","","08/09/2026, 22:29:48","08/09/2026, 22:29:48"
"select","select.boiler_dhw_comfort1","ems-esp Boiler dhw Comfort mode","high comfort","","","08/09/2026, 22:29:39","08/09/2026, 22:29:39"
"select","select.boiler_dhw_maxheat","ems-esp Boiler dhw Heat limit","6 kW","","","08/09/2026, 22:29:39","08/09/2026, 22:29:39"
"select","select.boiler_hppumpmode","ems-esp Boiler Primary heatpump mode","auto","","","08/09/2026, 22:29:39","08/09/2026, 22:29:39"
"select","select.boiler_mandefrost","ems-esp Boiler Manual defrost","unknown","","","08/09/2026, 22:29:38","08/09/2026, 22:29:38"
"select","select.boiler_maxheatcomp","ems-esp Boiler Heat limit compressor","2 kW","","","08/09/2026, 22:29:39","08/09/2026, 22:29:39"
"select","select.boiler_maxheatheat","ems-esp Boiler Heat limit heating","2 kW","","","08/09/2026, 22:29:39","08/09/2026, 22:29:39"
"select","select.boiler_pumpcharacter","ems-esp Boiler Boiler pump characteristic","proportional","","","08/09/2026, 22:29:39","08/09/2026, 22:29:39"
"select","select.boiler_reset","ems-esp Boiler Reset","unknown","","","08/09/2026, 22:29:38","08/09/2026, 22:29:38"
"select","select.boiler_shutdown","ems-esp Boiler Shutdown","unknown","","","08/09/2026, 22:29:39","08/09/2026, 22:29:39"
"select","select.boiler_silentmode","ems-esp Boiler Silent mode","auto","","","08/09/2026, 22:29:39","08/09/2026, 22:29:39"
"select","select.thermostat_building","ems-esp Thermostat Building type","heavy","","","08/09/2026, 22:29:40","08/09/2026, 22:29:40"
"select","select.thermostat_dhw_circmode","ems-esp Thermostat dhw Circulation pump mode","own prog","","","08/09/2026, 22:29:40","08/09/2026, 22:29:40"
"select","select.thermostat_dhw_disinfectday","ems-esp Thermostat dhw Disinfection day","tu","","","08/09/2026, 22:29:40","08/09/2026, 22:29:40"
"select","select.thermostat_dhw_mode","ems-esp Thermostat dhw Operating mode","auto","","","08/09/2026, 22:29:40","08/09/2026, 22:29:40"
"select","select.thermostat_hc1_control","ems-esp Thermostat hc1 Control device","RC310","","","08/09/2026, 22:29:40","08/09/2026, 22:29:40"
"select","select.thermostat_hc1_controlmode","ems-esp Thermostat hc1 Control mode","weather compensated","","","08/09/2026, 22:29:40","08/09/2026, 22:29:40"
"select","select.thermostat_hc1_heatingtype","ems-esp Thermostat hc1 Heating type","radiator","","","08/09/2026, 22:29:40","08/09/2026, 22:29:40"
"select","select.thermostat_hc1_hpmode","ems-esp Thermostat hc1 HP Mode","heating","","","08/09/2026, 22:29:40","08/09/2026, 22:29:40"
"select","select.thermostat_hc1_hpoperatingmode","ems-esp Thermostat hc1 Heatpump operating mode","off","","","08/09/2026, 22:29:40","08/09/2026, 22:29:40"
"select","select.thermostat_hc1_mode","ems-esp Thermostat hc1 Operating mode","auto","","","08/09/2026, 22:29:40","08/09/2026, 22:29:40"
"select","select.thermostat_hc1_nofrostmode","ems-esp Thermostat hc1 Nofrost mode","outdoor","","","08/09/2026, 22:29:40","08/09/2026, 22:29:40"
"select","select.thermostat_hc1_program","ems-esp Thermostat hc1 Program","prog 1","","","08/09/2026, 22:29:40","08/09/2026, 22:29:40"
"select","select.thermostat_hc1_reducemode","ems-esp Thermostat hc1 Reduce mode","reduce","","","08/09/2026, 22:29:40","08/09/2026, 22:29:40"
"sensor","sensor.analogsensor_36","ems-esp Analog Sensors supply_voltage","12.55","V","voltage","08/09/2026, 22:30:37","08/09/2026, 22:30:37"
"sensor","sensor.analogsensor_39","ems-esp Analog Sensors core_voltage","3.33","V","voltage","08/09/2026, 22:29:48","08/09/2026, 22:29:48"
"sensor","sensor.boiler_auxelecheatnrgconsheating","ems-esp Boiler Aux elec. heater energy consumption heating","73","kWh","energy","08/09/2026, 22:29:39","08/09/2026, 22:29:39"
"sensor","sensor.boiler_auxelecheatnrgconspool","ems-esp Boiler Aux elec. heater energy consumption pool","0","kWh","energy","08/09/2026, 22:29:39","08/09/2026, 22:29:39"
"sensor","sensor.boiler_auxelecheatnrgconstotal","ems-esp Boiler Total aux elec. heater energy consumption","1552","kWh","energy","08/09/2026, 22:29:39","08/09/2026, 22:29:39"
"sensor","sensor.boiler_auxheaterlevel","ems-esp Boiler Aux heater level","0","%","power_factor","08/09/2026, 22:29:39","08/09/2026, 22:29:39"
"sensor","sensor.boiler_auxheaterstatus","ems-esp Boiler Aux heater status","off","","","08/09/2026, 22:29:39","08/09/2026, 22:29:39"
"sensor","sensor.boiler_auxheatmix","ems-esp Boiler Aux heater mixing valve","0","%","power_factor","08/09/2026, 22:29:39","08/09/2026, 22:29:39"
"sensor","sensor.boiler_burn2workmin","ems-esp Boiler Burner stage 2 operating time","0","min","duration","08/09/2026, 22:29:39","08/09/2026, 22:29:39"
"sensor","sensor.boiler_burnstarts","ems-esp Boiler Burner starts","0","","","08/09/2026, 22:29:39","08/09/2026, 22:29:39"
"sensor","sensor.boiler_burnworkmin","ems-esp Boiler Total burner operating time","0","min","duration","08/09/2026, 22:29:39","08/09/2026, 22:29:39"
"sensor","sensor.boiler_coolingstarts","ems-esp Boiler Cooling control starts","0","","","08/09/2026, 22:29:39","08/09/2026, 22:29:39"
"sensor","sensor.boiler_curburnpow","ems-esp Boiler Burner current power","0","%","power_factor","08/09/2026, 22:29:39","08/09/2026, 22:29:39"
"sensor","sensor.boiler_curflowtemp","ems-esp Boiler Current flow temperature","29.7","°C","temperature","08/09/2026, 22:29:39","08/09/2026, 22:29:39"
"sensor","sensor.boiler_dhw_auxelecheatnrgcons","ems-esp Boiler dhw Aux elec. heater energy consumption","1474","kWh","energy","08/09/2026, 22:29:39","08/09/2026, 22:29:39"
"sensor","sensor.boiler_dhw_curflow","ems-esp Boiler dhw Current tap water flow","0","L/min","volume_flow_rate","08/09/2026, 22:29:48","08/09/2026, 22:29:48"
"sensor","sensor.boiler_dhw_curtemp","ems-esp Boiler dhw Current intern temperature","50.2","°C","temperature","08/09/2026, 22:29:48","08/09/2026, 22:29:48"
"sensor","sensor.boiler_dhw_curtemp2","ems-esp Boiler dhw Current extern temperature","43.4","°C","temperature","08/09/2026, 22:30:46","08/09/2026, 22:30:46"
"sensor","sensor.boiler_dhw_nrgconscomp","ems-esp Boiler dhw Energy consumption compressor","8319","kWh","energy","08/09/2026, 22:29:39","08/09/2026, 22:29:39"
"sensor","sensor.boiler_dhw_nrgsupp","ems-esp Boiler dhw Total energy warm supplied","25830","kWh","energy","08/09/2026, 22:29:39","08/09/2026, 22:29:39"
"sensor","sensor.boiler_dhw_settemp","ems-esp Boiler dhw Set temperature","0","°C","temperature","08/09/2026, 22:29:39","08/09/2026, 22:29:39"
"sensor","sensor.boiler_dhw_starts","ems-esp Boiler dhw Starts","0","","","08/09/2026, 22:29:48","08/09/2026, 22:29:48"
"sensor","sensor.boiler_dhw_startshp","ems-esp Boiler dhw Starts hp","2649","","","08/09/2026, 22:29:39","08/09/2026, 22:29:39"
"sensor","sensor.boiler_dhw_uptimecomp","ems-esp Boiler dhw Operating time compressor","269742","min","duration","08/09/2026, 22:29:39","08/09/2026, 22:29:39"
"sensor","sensor.boiler_dhw_workm","ems-esp Boiler dhw Active time","0","min","duration","08/09/2026, 22:29:48","08/09/2026, 22:29:48"
"sensor","sensor.boiler_expvalve","ems-esp Boiler Expansion valve VR1","0","%","power_factor","08/09/2026, 22:29:39","08/09/2026, 22:29:39"
"sensor","sensor.boiler_fanspd","ems-esp Boiler Fan speed","0","%","power_factor","08/09/2026, 22:29:39","08/09/2026, 22:29:39"
"sensor","sensor.boiler_headertemp","ems-esp Boiler Low loss header","29.7","°C","temperature","08/09/2026, 22:29:39","08/09/2026, 22:29:39"
"sensor","sensor.boiler_heatingpumpmod","ems-esp Boiler Heating pump modulation","0","%","power_factor","08/09/2026, 22:29:39","08/09/2026, 22:29:39"
"sensor","sensor.boiler_heatingstarts","ems-esp Boiler Heating control starts","5382","","","08/09/2026, 22:29:39","08/09/2026, 22:29:39"
"sensor","sensor.boiler_heatstarts","ems-esp Boiler Burner starts heating","0","","","08/09/2026, 22:29:39","08/09/2026, 22:29:39"
"sensor","sensor.boiler_heatworkmin","ems-esp Boiler Total heat operating time","0","min","duration","08/09/2026, 22:29:39","08/09/2026, 22:29:39"
"sensor","sensor.boiler_hpactivity","ems-esp Boiler Compressor activity","off","","","08/09/2026, 22:29:39","08/09/2026, 22:29:39"
"sensor","sensor.boiler_hpbrinein","ems-esp Boiler Brine in/evaporator","0","°C","temperature","08/09/2026, 22:29:39","08/09/2026, 22:29:39"
"sensor","sensor.boiler_hpbrineout","ems-esp Boiler Brine out/condenser","0","°C","temperature","08/09/2026, 22:29:39","08/09/2026, 22:29:39"
"sensor","sensor.boiler_hpbrinepumpspd","ems-esp Boiler Brine pump speed","0","%","power_factor","08/09/2026, 22:29:39","08/09/2026, 22:29:39"
"sensor","sensor.boiler_hpcircspd","ems-esp Boiler Circulation pump speed","10","%","power_factor","08/09/2026, 22:29:39","08/09/2026, 22:29:39"
"sensor","sensor.boiler_hpcompspd","ems-esp Boiler Compressor speed","0","%","power_factor","08/09/2026, 22:29:39","08/09/2026, 22:29:39"
"sensor","sensor.boiler_hpcurrpower","ems-esp Boiler Compressor current power","46","W","power","08/09/2026, 22:29:39","08/09/2026, 22:29:39"
"sensor","sensor.boiler_hpph1","ems-esp Boiler High pressure side temperature (PH1)","21.9","°C","temperature","08/09/2026, 22:29:39","08/09/2026, 22:29:39"
"sensor","sensor.boiler_hppl1","ems-esp Boiler Low pressure side temperature (PL1)","22","°C","temperature","08/09/2026, 22:29:56","08/09/2026, 22:29:56"
"sensor","sensor.boiler_hppower","ems-esp Boiler Compressor power output","0","kW","power","08/09/2026, 22:29:39","08/09/2026, 22:29:39"
"sensor","sensor.boiler_hpta4","ems-esp Boiler Drain pan temp (TA4)","21.4","°C","temperature","08/09/2026, 22:31:56","08/09/2026, 22:31:56"
"sensor","sensor.boiler_hptargetspd","ems-esp Boiler Compressor target speed","0","%","power_factor","08/09/2026, 22:29:39","08/09/2026, 22:29:39"
"sensor","sensor.boiler_hptc0","ems-esp Boiler Heat carrier return (TC0)","35.3","°C","temperature","08/09/2026, 22:29:56","08/09/2026, 22:29:56"
"sensor","sensor.boiler_hptc1","ems-esp Boiler Heat carrier forward (TC1)","40.6","°C","temperature","08/09/2026, 22:31:56","08/09/2026, 22:31:56"
"sensor","sensor.boiler_hptc3","ems-esp Boiler Condenser temperature (TC3)","38.3","°C","temperature","08/09/2026, 22:29:39","08/09/2026, 22:29:39"
"sensor","sensor.boiler_hptl2","ems-esp Boiler Air inlet temperature (TL2)","22.5","°C","temperature","08/09/2026, 22:29:39","08/09/2026, 22:29:39"
"sensor","sensor.boiler_hptr1","ems-esp Boiler Compressor temperature (TR1)","36.6","°C","temperature","08/09/2026, 22:30:56","08/09/2026, 22:30:56"
"sensor","sensor.boiler_hptr3","ems-esp Boiler Refrigerant temperature liquid side (condenser output) (TR3)","32","°C","temperature","08/09/2026, 22:29:39","08/09/2026, 22:29:39"
"sensor","sensor.boiler_hptr4","ems-esp Boiler Evaporator inlet temperature (TR4)","29.1","°C","temperature","08/09/2026, 22:29:39","08/09/2026, 22:29:39"
"sensor","sensor.boiler_hptr5","ems-esp Boiler Compressor inlet temperature (TR5)","32.5","°C","temperature","08/09/2026, 22:30:56","08/09/2026, 22:30:56"
"sensor","sensor.boiler_hptr6","ems-esp Boiler Compressor outlet temperature (TR6)","34.4","°C","temperature","08/09/2026, 22:29:56","08/09/2026, 22:29:56"
"sensor","sensor.boiler_hptw1","ems-esp Boiler Reservoir temp (TW1)","43.4","°C","temperature","08/09/2026, 22:30:56","08/09/2026, 22:30:56"
"sensor","sensor.boiler_lastcode","ems-esp Boiler Last error code","A01(5523) 22.08.2026 02:01 - 22.08.2026 02:05","","","08/09/2026, 22:29:39","08/09/2026, 22:29:39"
"sensor","sensor.boiler_nrgconscompcooling","ems-esp Boiler Energy consumption compressor cooling","0","kWh","energy","08/09/2026, 22:29:39","08/09/2026, 22:29:39"
"sensor","sensor.boiler_nrgconscompheating","ems-esp Boiler Energy consumption compressor heating","13428","kWh","energy","08/09/2026, 22:29:39","08/09/2026, 22:29:39"
"sensor","sensor.boiler_nrgconscomppool","ems-esp Boiler Energy consumption compressor pool","0","kWh","energy","08/09/2026, 22:29:39","08/09/2026, 22:29:39"
"sensor","sensor.boiler_nrgconscomptotal","ems-esp Boiler Total energy consumption compressor","21767","kWh","energy","08/09/2026, 22:29:39","08/09/2026, 22:29:39"
"sensor","sensor.boiler_nrgconstotal","ems-esp Boiler Total energy consumption","23319","kWh","energy","08/09/2026, 22:29:39","08/09/2026, 22:29:39"
"sensor","sensor.boiler_nrgsuppcooling","ems-esp Boiler Total energy supplied cooling","0","kWh","energy","08/09/2026, 22:29:39","08/09/2026, 22:29:39"
"sensor","sensor.boiler_nrgsuppheating","ems-esp Boiler Total energy supplied heating","43918","kWh","energy","08/09/2026, 22:29:39","08/09/2026, 22:29:39"
"sensor","sensor.boiler_nrgsupppool","ems-esp Boiler Total energy supplied pool","0","kWh","energy","08/09/2026, 22:29:39","08/09/2026, 22:29:39"
"sensor","sensor.boiler_nrgsupptotal","ems-esp Boiler Total energy supplied","1552","kWh","energy","08/09/2026, 22:29:39","08/09/2026, 22:29:39"
"sensor","sensor.boiler_outdoortemp","ems-esp Boiler Outside temperature","21.6","°C","temperature","08/09/2026, 22:29:39","08/09/2026, 22:29:39"
"sensor","sensor.boiler_poolstarts","ems-esp Boiler Pool control starts","0","","","08/09/2026, 22:29:39","08/09/2026, 22:29:39"
"sensor","sensor.boiler_recvalve","ems-esp Boiler Receiver valve VR0","0","%","power_factor","08/09/2026, 22:29:39","08/09/2026, 22:29:39"
"sensor","sensor.boiler_rettemp","ems-esp Boiler Return temperature","35.3","°C","temperature","08/09/2026, 22:29:46","08/09/2026, 22:29:46"
"sensor","sensor.boiler_servicecode","ems-esp Boiler Service code","0H","","","08/09/2026, 22:29:39","08/09/2026, 22:29:39"
"sensor","sensor.boiler_servicecodenumber","ems-esp Boiler Service code number","203","","","08/09/2026, 22:29:39","08/09/2026, 22:29:39"
"sensor","sensor.boiler_totalcompstarts","ems-esp Boiler Total compressor control starts","8031","","","08/09/2026, 22:29:39","08/09/2026, 22:29:39"
"sensor","sensor.boiler_ubauptime","ems-esp Boiler Total UBA operating time","2655777","min","duration","08/09/2026, 22:31:46","08/09/2026, 22:31:46"
"sensor","sensor.boiler_uptimecompcooling","ems-esp Boiler Operating time compressor cooling","0","min","duration","08/09/2026, 22:29:39","08/09/2026, 22:29:39"
"sensor","sensor.boiler_uptimecompheating","ems-esp Boiler Operating time compressor heating","681953","min","duration","08/09/2026, 22:29:39","08/09/2026, 22:29:39"
"sensor","sensor.boiler_uptimecomppool","ems-esp Boiler Operating time compressor pool","0","min","duration","08/09/2026, 22:29:39","08/09/2026, 22:29:39"
"sensor","sensor.boiler_uptimecontrol","ems-esp Boiler Total operating time heat","951695","min","duration","08/09/2026, 22:29:39","08/09/2026, 22:29:39"
"sensor","sensor.boiler_uptimetotal","ems-esp Boiler Heatpump total uptime","2654333","min","duration","08/09/2026, 22:31:56","08/09/2026, 22:31:56"
"sensor","sensor.checkmk_site_home_acknowledged_problems","Checkmk site home Acknowledged problems","0","","","08/09/2026, 02:48:12","08/09/2026, 02:48:12"
"sensor","sensor.node_vm01_total_updates","Node vm01 Gesamte Updates","24","","","07/09/2026, 03:16:17","07/09/2026, 03:16:17"
"sensor","sensor.system_bus_status","ems-esp EMS Bus","connected","","","08/09/2026, 22:29:39","08/09/2026, 22:29:39"
"sensor","sensor.system_freemem","ems-esp Free memory","163","kB","data_size","08/09/2026, 22:30:37","08/09/2026, 22:30:37"
"sensor","sensor.system_max_alloc","ems-esp Max alloc","107","kB","data_size","08/09/2026, 22:29:39","08/09/2026, 22:29:39"
"sensor","sensor.system_mqttfails","ems-esp MQTT fails","0","","","08/09/2026, 22:29:39","08/09/2026, 22:29:39"
"sensor","sensor.system_rxfails","ems-esp Rx fails","2","","","08/09/2026, 22:29:39","08/09/2026, 22:29:39"
"sensor","sensor.system_rxreceived","ems-esp Rx received","5587","","","08/09/2026, 22:32:37","08/09/2026, 22:32:37"
"sensor","sensor.system_txfails","ems-esp Tx fails","0","","","08/09/2026, 22:29:39","08/09/2026, 22:29:39"
"sensor","sensor.system_txreads","ems-esp Tx reads","1258","","","08/09/2026, 22:32:37","08/09/2026, 22:32:37"
"sensor","sensor.system_txwrites","ems-esp Tx writes","2","","","08/09/2026, 22:31:37","08/09/2026, 22:31:37"
"sensor","sensor.system_uptime","ems-esp Uptime","000+00:19:00.854","","","08/09/2026, 22:32:37","08/09/2026, 22:32:37"
"sensor","sensor.system_uptime_sec","ems-esp Uptime (sec)","1140","s","duration","08/09/2026, 22:32:37","08/09/2026, 22:32:37"
"sensor","sensor.system_version","ems-esp Version","3.8.1","","","08/09/2026, 22:29:39","08/09/2026, 22:29:39"
"sensor","sensor.temperaturesensor_28_825f_d243_2503","ems-esp Temperature Sensors gateway_temperature","35.5","°C","temperature","08/09/2026, 22:32:37","08/09/2026, 22:32:37"
"sensor","sensor.thermostat_dampedoutdoortemp","ems-esp Thermostat Damped outdoor temperature","21.6","°C","temperature","08/09/2026, 22:29:40","08/09/2026, 22:29:40"
"sensor","sensor.thermostat_floordry","ems-esp Thermostat Floor drying","off","","","08/09/2026, 22:29:40","08/09/2026, 22:29:40"
"sensor","sensor.thermostat_floordrytemp","ems-esp Thermostat Floor drying temperature","0","°C","temperature","08/09/2026, 22:29:40","08/09/2026, 22:29:40"
"sensor","sensor.thermostat_hc1_curroominfl","ems-esp Thermostat hc1 Current room influence","0","°C","temperature","08/09/2026, 22:29:40","08/09/2026, 22:29:40"
"sensor","sensor.thermostat_hc1_currsolarinfl","ems-esp Thermostat hc1 Current solar influence","0","°C","temperature","08/09/2026, 22:29:40","08/09/2026, 22:29:40"
"sensor","sensor.thermostat_hc1_hpoperatingstate","ems-esp Thermostat hc1 Heatpump operating state","off","","","08/09/2026, 22:29:40","08/09/2026, 22:29:40"
"sensor","sensor.thermostat_hc1_modetype","ems-esp Thermostat hc1 Mode type","eco","","","08/09/2026, 22:29:40","08/09/2026, 22:29:40"
"sensor","sensor.thermostat_hc1_targetflowtemp","ems-esp Thermostat hc1 Target flow temperature","0","°C","temperature","08/09/2026, 22:29:40","08/09/2026, 22:29:40"
"sensor","sensor.thermostat_lastcode","ems-esp Thermostat Last error code","A01(5523) 22.08.2026 02:01-22.08.2026 02:05","","","08/09/2026, 22:29:40","08/09/2026, 22:29:40"
"switch","switch.analogsensor_02","ems-esp Analog Sensors led","off","","","08/09/2026, 22:29:48","08/09/2026, 22:29:48"
"switch","switch.boiler_auxheateroff","ems-esp Boiler Disable aux heater","on","","","08/09/2026, 22:29:39","08/09/2026, 22:29:39"
"switch","switch.boiler_auxheateronly","ems-esp Boiler Aux heater only","off","","","08/09/2026, 22:29:39","08/09/2026, 22:29:39"
"switch","switch.boiler_dhw_activated","ems-esp Boiler dhw Activated","on","","","08/09/2026, 22:29:48","08/09/2026, 22:29:48"
"switch","switch.boiler_dhw_alternatingop","ems-esp Boiler dhw Alternating operation","on","","","08/09/2026, 22:29:39","08/09/2026, 22:29:39"
"switch","switch.boiler_dhw_circ","ems-esp Boiler dhw Circulation active","off","","","08/09/2026, 22:29:48","08/09/2026, 22:29:48"
"switch","switch.boiler_dhw_circpump","ems-esp Boiler dhw Circulation pump available","on","","","08/09/2026, 22:29:39","08/09/2026, 22:29:39"
"switch","switch.boiler_dhw_dhwprio","ems-esp Boiler dhw Dhw priority","off","","","08/09/2026, 22:29:48","08/09/2026, 22:29:48"
"switch","switch.boiler_dhw_disinfecting","ems-esp Boiler dhw Disinfecting","off","","","08/09/2026, 22:29:48","08/09/2026, 22:29:48"
"switch","switch.boiler_dhw_hpcircpump","ems-esp Boiler dhw Circulation pump available during dhw","on","","","08/09/2026, 22:29:39","08/09/2026, 22:29:39"
"switch","switch.boiler_dhw_onetime","ems-esp Boiler dhw One time charging","off","","","08/09/2026, 22:29:48","08/09/2026, 22:29:48"
"switch","switch.boiler_elheatstep1","ems-esp Boiler El. heater step 1","off","","","08/09/2026, 22:29:39","08/09/2026, 22:29:39"
"switch","switch.boiler_elheatstep2","ems-esp Boiler El. heater step 2","off","","","08/09/2026, 22:29:39","08/09/2026, 22:29:39"
"switch","switch.boiler_elheatstep3","ems-esp Boiler El. heater step 3","off","","","08/09/2026, 22:29:39","08/09/2026, 22:29:39"
"switch","switch.boiler_emergencyops","ems-esp Boiler Emergency operation","off","","","08/09/2026, 22:29:39","08/09/2026, 22:29:39"
"switch","switch.boiler_heatcable","ems-esp Boiler Heating cable","off","","","08/09/2026, 22:29:39","08/09/2026, 22:29:39"
"switch","switch.boiler_heatingactivated","ems-esp Boiler Heating activated","on","","","08/09/2026, 22:29:39","08/09/2026, 22:29:39"
"switch","switch.boiler_heatingoff","ems-esp Boiler Force heating off","off","","","08/09/2026, 22:29:39","08/09/2026, 22:29:39"
"switch","switch.boiler_hp3way","ems-esp Boiler 3-way valve","on","","","08/09/2026, 22:29:39","08/09/2026, 22:29:39"
"switch","switch.boiler_primepump","ems-esp Boiler Primary heatpump","off","","","08/09/2026, 22:29:39","08/09/2026, 22:29:39"
"switch","switch.boiler_pvcooling","ems-esp Boiler Cooling only with PV","off","","","08/09/2026, 22:29:39","08/09/2026, 22:29:39"
"switch","switch.boiler_vc0valve","ems-esp Boiler VC0 valve","off","","","08/09/2026, 22:29:39","08/09/2026, 22:29:39"
"switch","switch.boiler_vpcooling","ems-esp Boiler Valve/pump cooling","off","","","08/09/2026, 22:29:39","08/09/2026, 22:29:39"
"switch","switch.ems_esp_internetzugang","ems-esp Internetzugang","on","","","08/09/2026, 21:48:14","08/09/2026, 21:48:14"
"switch","switch.thermostat_damping","ems-esp Thermostat Damping outdoor temperature","off","","","08/09/2026, 22:29:40","08/09/2026, 22:29:40"
"switch","switch.thermostat_dhw_charge","ems-esp Thermostat dhw Charge","off","","","08/09/2026, 22:29:40","08/09/2026, 22:29:40"
"switch","switch.thermostat_dhw_dailyheating","ems-esp Thermostat dhw Daily heating","off","","","08/09/2026, 22:29:40","08/09/2026, 22:29:40"
"switch","switch.thermostat_dhw_disinfecting","ems-esp Thermostat dhw Disinfecting","off","","","08/09/2026, 22:29:40","08/09/2026, 22:29:40"
"switch","switch.thermostat_hc1_switchonoptimization","ems-esp Thermostat hc1 Switch-on optimization","off","","","08/09/2026, 22:29:40","08/09/2026, 22:29:40"
"switch","switch.thermostat_pvenabledhw","ems-esp Thermostat Enable raise dhw","on","","","08/09/2026, 22:29:40","08/09/2026, 22:29:40"
"switch","switch.thermostat_solar","ems-esp Thermostat Solar","off","","","08/09/2026, 22:29:40","08/09/2026, 22:29:40"
"text","text.boiler_hpin1opt","ems-esp Boiler Input 1 options","000000000000000","","","08/09/2026, 22:29:39","08/09/2026, 22:29:39"
"text","text.boiler_hpin2opt","ems-esp Boiler Input 2 options","000000000000000","","","08/09/2026, 22:29:39","08/09/2026, 22:29:39"
"text","text.boiler_hpin3opt","ems-esp Boiler Input 3 options","000000000000000","","","08/09/2026, 22:29:39","08/09/2026, 22:29:39"
"text","text.boiler_hpin4opt","ems-esp Boiler Input 4 options","001010000000","","","08/09/2026, 22:29:39","08/09/2026, 22:29:39"
"text","text.thermostat_datetime","ems-esp Thermostat Date/time","08.09.2026 22:31","","","08/09/2026, 22:31:57","08/09/2026, 22:31:57"